{
  "project_info": {
    "project_number": "834123529984",
    "firebase_url": "https://loginfirebase-d6f6a.firebaseio.com",
    "project_id": "loginfirebase-d6f6a",
    "storage_bucket": "loginfirebase-d6f6a.appspot.com"
  },
  "client": [
    {
      "client_info": {
        "mobilesdk_app_id": "1:834123529984:android:247551ed6b1cf3d8",
        "android_client_info": {
          "package_name": "com.example.loginfirebase"
        }
      },
      "oauth_client": [
        {
          "client_id": "834123529984-4g99844qigqhsnsajp8htr6iu65v3k05.apps.googleusercontent.com",
          "client_type": 3
        }
      ],
      "api_key": [
        {
          "current_key": "AIzaSyCbCo_W9pdpfqTlvM6hcFxYQ9sc7fUfkww"
        }
      ],
      "services": {
        "analytics_service": {
          "status": 1
        },
        "appinvite_service": {
          "status": 1,
          "other_platform_oauth_client": []
        },
        "ads_service": {
          "status": 2
        }
      }
    }
  ],
  "configuration_version": "1"
}