{
  "project_info": {
    "project_number": "834123529984",
    "firebase_url": "https://loginfirebase-d6f6a.firebaseio.com",
    "project_id": "loginfirebase-d6f6a",
    "storage_bucket": "loginfirebase-d6f6a.appspot.com"
  },
  "client": [
    {
      "client_info": {
        "mobilesdk_app_id": "1:834123529984:android:0adf59da6d1d1c63",
        "android_client_info": {
          "package_name": "com.example.dicoding"
        }
      },
      "oauth_client": [
        {
          "client_id": "834123529984-4g99844qigqhsnsajp8htr6iu65v3k05.apps.googleusercontent.com",
          "client_type": 3
        }
      ],
      "api_key": [
        {
          "current_key": "AIzaSyCbCo_W9pdpfqTlvM6hcFxYQ9sc7fUfkww"
        }
      ],
      "services": {
        "appinvite_service": {
          "other_platform_oauth_client": [
            {
              "client_id": "834123529984-4g99844qigqhsnsajp8htr6iu65v3k05.apps.googleusercontent.com",
              "client_type": 3
            }
          ]
        }
      }
    },
    {
      "client_info": {
        "mobilesdk_app_id": "1:834123529984:android:247551ed6b1cf3d8",
        "android_client_info": {
          "package_name": "com.example.loginfirebase"
        }
      },
      "oauth_client": [
        {
          "client_id": "834123529984-61js6fuiedb4evmlgkh7ma6ioar5s9qb.apps.googleusercontent.com",
          "client_type": 1,
          "android_info": {
            "package_name": "com.example.loginfirebase",
            "certificate_hash": "30f44f9d131762f6a7d704c557fcd2bb883f5e51"
          }
        },
        {
          "client_id": "834123529984-4g99844qigqhsnsajp8htr6iu65v3k05.apps.googleusercontent.com",
          "client_type": 3
        }
      ],
      "api_key": [
        {
          "current_key": "AIzaSyCbCo_W9pdpfqTlvM6hcFxYQ9sc7fUfkww"
        }
      ],
      "services": {
        "appinvite_service": {
          "other_platform_oauth_client": [
            {
              "client_id": "834123529984-4g99844qigqhsnsajp8htr6iu65v3k05.apps.googleusercontent.com",
              "client_type": 3
            }
          ]
        }
      }
    }
  ],
  "configuration_version": "1"
}